<img src="n2_q500_q001.jpg">	<img src="n2_q500_a001.jpg">	1
<img src="n2_q500_q002.jpg">	<img src="n2_q500_a002.jpg">	2
<img src="n2_q500_q003.jpg">	<img src="n2_q500_a003.jpg">	3
<img src="n2_q500_q004.jpg">	<img src="n2_q500_a004.jpg">	4
<img src="n2_q500_q005.jpg">	<img src="n2_q500_a005.jpg">	5
<img src="n2_q500_q006.jpg">	<img src="n2_q500_a006.jpg">	6
<img src="n2_q500_q007.jpg">	<img src="n2_q500_a007.jpg">	7
<img src="n2_q500_q008.jpg">	<img src="n2_q500_a008.jpg">	8
<img src="n2_q500_q009.jpg">	<img src="n2_q500_a009.jpg">	9
<img src="n2_q500_q010.jpg">	<img src="n2_q500_a010.jpg">	10
<img src="n2_q500_q011.jpg">	<img src="n2_q500_a011.jpg">	11
<img src="n2_q500_q012.jpg">	<img src="n2_q500_a012.jpg">	12
<img src="n2_q500_q013.jpg">	<img src="n2_q500_a013.jpg">	13
<img src="n2_q500_q014.jpg">	<img src="n2_q500_a014.jpg">	14
<img src="n2_q500_q015.jpg">	<img src="n2_q500_a015.jpg">	15
<img src="n2_q500_q016.jpg">	<img src="n2_q500_a016.jpg">	16
<img src="n2_q500_q017.jpg">	<img src="n2_q500_a017.jpg">	17
<img src="n2_q500_q018.jpg">	<img src="n2_q500_a018.jpg">	18
<img src="n2_q500_q019.jpg">	<img src="n2_q500_a019.jpg">	19
<img src="n2_q500_q020.jpg">	<img src="n2_q500_a020.jpg">	20
<img src="n2_q500_q021.jpg">	<img src="n2_q500_a021.jpg">	21
<img src="n2_q500_q022.jpg">	<img src="n2_q500_a022.jpg">	22
<img src="n2_q500_q023.jpg">	<img src="n2_q500_a023.jpg">	23
<img src="n2_q500_q024.jpg">	<img src="n2_q500_a024.jpg">	24
<img src="n2_q500_q025.jpg">	<img src="n2_q500_a025.jpg">	25
<img src="n2_q500_q026.jpg">	<img src="n2_q500_a026.jpg">	26
<img src="n2_q500_q027.jpg">	<img src="n2_q500_a027.jpg">	27
<img src="n2_q500_q028.jpg">	<img src="n2_q500_a028.jpg">	28
<img src="n2_q500_q029.jpg">	<img src="n2_q500_a029.jpg">	29
<img src="n2_q500_q030.jpg">	<img src="n2_q500_a030.jpg">	30
<img src="n2_q500_q031.jpg">	<img src="n2_q500_a031.jpg">	31
<img src="n2_q500_q032.jpg">	<img src="n2_q500_a032.jpg">	32
<img src="n2_q500_q033.jpg">	<img src="n2_q500_a033.jpg">	33
<img src="n2_q500_q034.jpg">	<img src="n2_q500_a034.jpg">	34
<img src="n2_q500_q035.jpg">	<img src="n2_q500_a035.jpg">	35
<img src="n2_q500_q036.jpg">	<img src="n2_q500_a036.jpg">	36
<img src="n2_q500_q037.jpg">	<img src="n2_q500_a037.jpg">	37
<img src="n2_q500_q038.jpg">	<img src="n2_q500_a038.jpg">	38
<img src="n2_q500_q039.jpg">	<img src="n2_q500_a039.jpg">	39
<img src="n2_q500_q040.jpg">	<img src="n2_q500_a040.jpg">	40
<img src="n2_q500_q041.jpg">	<img src="n2_q500_a041.jpg">	41
<img src="n2_q500_q042.jpg">	<img src="n2_q500_a042.jpg">	42
<img src="n2_q500_q043.jpg">	<img src="n2_q500_a043.jpg">	43
<img src="n2_q500_q044.jpg">	<img src="n2_q500_a044.jpg">	44
<img src="n2_q500_q045.jpg">	<img src="n2_q500_a045.jpg">	45
<img src="n2_q500_q046.jpg">	<img src="n2_q500_a046.jpg">	46
<img src="n2_q500_q047.jpg">	<img src="n2_q500_a047.jpg">	47
<img src="n2_q500_q048.jpg">	<img src="n2_q500_a048.jpg">	48
<img src="n2_q500_q049.jpg">	<img src="n2_q500_a049.jpg">	49
<img src="n2_q500_q050.jpg">	<img src="n2_q500_a050.jpg">	50
<img src="n2_q500_q051.jpg">	<img src="n2_q500_a051.jpg">	51
<img src="n2_q500_q052.jpg">	<img src="n2_q500_a052.jpg">	52
<img src="n2_q500_q053.jpg">	<img src="n2_q500_a053.jpg">	53
<img src="n2_q500_q054.jpg">	<img src="n2_q500_a054.jpg">	54
<img src="n2_q500_q055.jpg">	<img src="n2_q500_a055.jpg">	55
<img src="n2_q500_q056.jpg">	<img src="n2_q500_a056.jpg">	56
<img src="n2_q500_q057.jpg">	<img src="n2_q500_a057.jpg">	57
<img src="n2_q500_q058.jpg">	<img src="n2_q500_a058.jpg">	58
<img src="n2_q500_q059.jpg">	<img src="n2_q500_a059.jpg">	59
<img src="n2_q500_q060.jpg">	<img src="n2_q500_a060.jpg">	60
<img src="n2_q500_q061.jpg">	<img src="n2_q500_a061.jpg">	61
<img src="n2_q500_q062.jpg">	<img src="n2_q500_a062.jpg">	62
<img src="n2_q500_q063.jpg">	<img src="n2_q500_a063.jpg">	63
<img src="n2_q500_q064.jpg">	<img src="n2_q500_a064.jpg">	64
<img src="n2_q500_q065.jpg">	<img src="n2_q500_a065.jpg">	65
<img src="n2_q500_q066.jpg">	<img src="n2_q500_a066.jpg">	66
<img src="n2_q500_q067.jpg">	<img src="n2_q500_a067.jpg">	67
<img src="n2_q500_q068.jpg">	<img src="n2_q500_a068.jpg">	68
<img src="n2_q500_q069.jpg">	<img src="n2_q500_a069.jpg">	69
<img src="n2_q500_q070.jpg">	<img src="n2_q500_a070.jpg">	70
<img src="n2_q500_q071.jpg">	<img src="n2_q500_a071.jpg">	71
<img src="n2_q500_q072.jpg">	<img src="n2_q500_a072.jpg">	72
<img src="n2_q500_q073.jpg">	<img src="n2_q500_a073.jpg">	73
<img src="n2_q500_q074.jpg">	<img src="n2_q500_a074.jpg">	74
<img src="n2_q500_q075.jpg">	<img src="n2_q500_a075.jpg">	75
<img src="n2_q500_q076.jpg">	<img src="n2_q500_a076.jpg">	76
<img src="n2_q500_q077.jpg">	<img src="n2_q500_a077.jpg">	77
<img src="n2_q500_q078.jpg">	<img src="n2_q500_a078.jpg">	78
<img src="n2_q500_q079.jpg">	<img src="n2_q500_a079.jpg">	79
<img src="n2_q500_q080.jpg">	<img src="n2_q500_a080.jpg">	80
<img src="n2_q500_q081.jpg">	<img src="n2_q500_a081.jpg">	81
<img src="n2_q500_q082.jpg">	<img src="n2_q500_a082.jpg">	82
<img src="n2_q500_q083.jpg">	<img src="n2_q500_a083.jpg">	83
<img src="n2_q500_q084.jpg">	<img src="n2_q500_a084.jpg">	84
<img src="n2_q500_q085.jpg">	<img src="n2_q500_a085.jpg">	85
<img src="n2_q500_q086.jpg">	<img src="n2_q500_a086.jpg">	86
<img src="n2_q500_q087.jpg">	<img src="n2_q500_a087.jpg">	87
<img src="n2_q500_q088.jpg">	<img src="n2_q500_a088.jpg">	88
<img src="n2_q500_q089.jpg">	<img src="n2_q500_a089.jpg">	89
<img src="n2_q500_q090.jpg">	<img src="n2_q500_a090.jpg">	90
<img src="n2_q500_q091.jpg">	<img src="n2_q500_a091.jpg">	91
<img src="n2_q500_q092.jpg">	<img src="n2_q500_a092.jpg">	92
<img src="n2_q500_q093.jpg">	<img src="n2_q500_a093.jpg">	93
<img src="n2_q500_q094.jpg">	<img src="n2_q500_a094.jpg">	94
<img src="n2_q500_q095.jpg">	<img src="n2_q500_a095.jpg">	95
<img src="n2_q500_q096.jpg">	<img src="n2_q500_a096.jpg">	96
<img src="n2_q500_q097.jpg">	<img src="n2_q500_a097.jpg">	97
<img src="n2_q500_q098.jpg">	<img src="n2_q500_a098.jpg">	98
<img src="n2_q500_q099.jpg">	<img src="n2_q500_a099.jpg">	99
<img src="n2_q500_q100.jpg">	<img src="n2_q500_a100.jpg">	100
<img src="n2_q500_q101.jpg">	<img src="n2_q500_a101.jpg">	101
<img src="n2_q500_q102.jpg">	<img src="n2_q500_a102.jpg">	102
<img src="n2_q500_q103.jpg">	<img src="n2_q500_a103.jpg">	103
<img src="n2_q500_q104.jpg">	<img src="n2_q500_a104.jpg">	104
<img src="n2_q500_q105.jpg">	<img src="n2_q500_a105.jpg">	105
<img src="n2_q500_q106.jpg">	<img src="n2_q500_a106.jpg">	106
<img src="n2_q500_q107.jpg">	<img src="n2_q500_a107.jpg">	107
<img src="n2_q500_q108.jpg">	<img src="n2_q500_a108.jpg">	108
<img src="n2_q500_q109.jpg">	<img src="n2_q500_a109.jpg">	109
<img src="n2_q500_q110.jpg">	<img src="n2_q500_a110.jpg">	110
<img src="n2_q500_q111.jpg">	<img src="n2_q500_a111.jpg">	111
<img src="n2_q500_q112.jpg">	<img src="n2_q500_a112.jpg">	112
<img src="n2_q500_q113.jpg">	<img src="n2_q500_a113.jpg">	113
<img src="n2_q500_q114.jpg">	<img src="n2_q500_a114.jpg">	114
<img src="n2_q500_q115.jpg">	<img src="n2_q500_a115.jpg">	115
<img src="n2_q500_q116.jpg">	<img src="n2_q500_a116.jpg">	116
<img src="n2_q500_q117.jpg">	<img src="n2_q500_a117.jpg">	117
<img src="n2_q500_q118.jpg">	<img src="n2_q500_a118.jpg">	118
<img src="n2_q500_q119.jpg">	<img src="n2_q500_a119.jpg">	119
<img src="n2_q500_q120.jpg">	<img src="n2_q500_a120.jpg">	120
<img src="n2_q500_q121.jpg">	<img src="n2_q500_a121.jpg">	121
<img src="n2_q500_q122.jpg">	<img src="n2_q500_a122.jpg">	122
<img src="n2_q500_q123.jpg">	<img src="n2_q500_a123.jpg">	123
<img src="n2_q500_q124.jpg">	<img src="n2_q500_a124.jpg">	124
<img src="n2_q500_q125.jpg">	<img src="n2_q500_a125.jpg">	125
<img src="n2_q500_q126.jpg">	<img src="n2_q500_a126.jpg">	126
<img src="n2_q500_q127.jpg">	<img src="n2_q500_a127.jpg">	127
<img src="n2_q500_q128.jpg">	<img src="n2_q500_a128.jpg">	128
<img src="n2_q500_q129.jpg">	<img src="n2_q500_a129.jpg">	129
<img src="n2_q500_q130.jpg">	<img src="n2_q500_a130.jpg">	130
<img src="n2_q500_q131.jpg">	<img src="n2_q500_a131.jpg">	131
<img src="n2_q500_q132.jpg">	<img src="n2_q500_a132.jpg">	132
<img src="n2_q500_q133.jpg">	<img src="n2_q500_a133.jpg">	133
<img src="n2_q500_q134.jpg">	<img src="n2_q500_a134.jpg">	134
<img src="n2_q500_q135.jpg">	<img src="n2_q500_a135.jpg">	135
<img src="n2_q500_q136.jpg">	<img src="n2_q500_a136.jpg">	136
<img src="n2_q500_q137.jpg">	<img src="n2_q500_a137.jpg">	137
<img src="n2_q500_q138.jpg">	<img src="n2_q500_a138.jpg">	138
<img src="n2_q500_q139.jpg">	<img src="n2_q500_a139.jpg">	139
<img src="n2_q500_q140.jpg">	<img src="n2_q500_a140.jpg">	140
<img src="n2_q500_q141.jpg">	<img src="n2_q500_a141.jpg">	141
<img src="n2_q500_q142.jpg">	<img src="n2_q500_a142.jpg">	142
<img src="n2_q500_q143.jpg">	<img src="n2_q500_a143.jpg">	143
<img src="n2_q500_q144.jpg">	<img src="n2_q500_a144.jpg">	144
<img src="n2_q500_q145.jpg">	<img src="n2_q500_a145.jpg">	145
<img src="n2_q500_q146.jpg">	<img src="n2_q500_a146.jpg">	146
<img src="n2_q500_q147.jpg">	<img src="n2_q500_a147.jpg">	147
<img src="n2_q500_q148.jpg">	<img src="n2_q500_a148.jpg">	148
<img src="n2_q500_q149.jpg">	<img src="n2_q500_a149.jpg">	149
<img src="n2_q500_q150.jpg">	<img src="n2_q500_a150.jpg">	150
<img src="n2_q500_q151.jpg">	<img src="n2_q500_a151.jpg">	151
<img src="n2_q500_q152.jpg">	<img src="n2_q500_a152.jpg">	152
<img src="n2_q500_q153.jpg">	<img src="n2_q500_a153.jpg">	153
<img src="n2_q500_q154.jpg">	<img src="n2_q500_a154.jpg">	154
<img src="n2_q500_q155.jpg">	<img src="n2_q500_a155.jpg">	155
<img src="n2_q500_q156.jpg">	<img src="n2_q500_a156.jpg">	156
<img src="n2_q500_q157.jpg">	<img src="n2_q500_a157.jpg">	157
<img src="n2_q500_q158.jpg">	<img src="n2_q500_a158.jpg">	158
<img src="n2_q500_q159.jpg">	<img src="n2_q500_a159.jpg">	159
<img src="n2_q500_q160.jpg">	<img src="n2_q500_a160.jpg">	160
<img src="n2_q500_q161.jpg">	<img src="n2_q500_a161.jpg">	161
<img src="n2_q500_q162.jpg">	<img src="n2_q500_a162.jpg">	162
<img src="n2_q500_q163.jpg">	<img src="n2_q500_a163.jpg">	163
<img src="n2_q500_q164.jpg">	<img src="n2_q500_a164.jpg">	164
<img src="n2_q500_q165.jpg">	<img src="n2_q500_a165.jpg">	165
<img src="n2_q500_q166.jpg">	<img src="n2_q500_a166.jpg">	166
<img src="n2_q500_q167.jpg">	<img src="n2_q500_a167.jpg">	167
<img src="n2_q500_q168.jpg">	<img src="n2_q500_a168.jpg">	168
<img src="n2_q500_q169.jpg">	<img src="n2_q500_a169.jpg">	169
<img src="n2_q500_q170.jpg">	<img src="n2_q500_a170.jpg">	170
<img src="n2_q500_q171.jpg">	<img src="n2_q500_a171.jpg">	171
<img src="n2_q500_q172.jpg">	<img src="n2_q500_a172.jpg">	172
<img src="n2_q500_q173.jpg">	<img src="n2_q500_a173.jpg">	173
<img src="n2_q500_q174.jpg">	<img src="n2_q500_a174.jpg">	174
<img src="n2_q500_q175.jpg">	<img src="n2_q500_a175.jpg">	175
<img src="n2_q500_q176.jpg">	<img src="n2_q500_a176.jpg">	176
<img src="n2_q500_q177.jpg">	<img src="n2_q500_a177.jpg">	177
<img src="n2_q500_q178.jpg">	<img src="n2_q500_a178.jpg">	178
<img src="n2_q500_q179.jpg">	<img src="n2_q500_a179.jpg">	179
<img src="n2_q500_q180.jpg">	<img src="n2_q500_a180.jpg">	180
<img src="n2_q500_q181.jpg">	<img src="n2_q500_a181.jpg">	181
<img src="n2_q500_q182.jpg">	<img src="n2_q500_a182.jpg">	182
<img src="n2_q500_q183.jpg">	<img src="n2_q500_a183.jpg">	183
<img src="n2_q500_q184.jpg">	<img src="n2_q500_a184.jpg">	184
<img src="n2_q500_q185.jpg">	<img src="n2_q500_a185.jpg">	185
<img src="n2_q500_q186.jpg">	<img src="n2_q500_a186.jpg">	186
<img src="n2_q500_q187.jpg">	<img src="n2_q500_a187.jpg">	187
<img src="n2_q500_q188.jpg">	<img src="n2_q500_a188.jpg">	188
<img src="n2_q500_q189.jpg">	<img src="n2_q500_a189.jpg">	189
<img src="n2_q500_q190.jpg">	<img src="n2_q500_a190.jpg">	190
<img src="n2_q500_q191.jpg">	<img src="n2_q500_a191.jpg">	191
<img src="n2_q500_q192.jpg">	<img src="n2_q500_a192.jpg">	192
<img src="n2_q500_q193.jpg">	<img src="n2_q500_a193.jpg">	193
<img src="n2_q500_q194.jpg">	<img src="n2_q500_a194.jpg">	194
<img src="n2_q500_q195.jpg">	<img src="n2_q500_a195.jpg">	195
<img src="n2_q500_q196.jpg">	<img src="n2_q500_a196.jpg">	196
<img src="n2_q500_q197.jpg">	<img src="n2_q500_a197.jpg">	197
<img src="n2_q500_q198.jpg">	<img src="n2_q500_a198.jpg">	198
<img src="n2_q500_q199.jpg">	<img src="n2_q500_a199.jpg">	199
<img src="n2_q500_q200.jpg">	<img src="n2_q500_a200.jpg">	200
<img src="n2_q500_q201.jpg">	<img src="n2_q500_a201.jpg">	201
<img src="n2_q500_q202.jpg">	<img src="n2_q500_a202.jpg">	202
<img src="n2_q500_q203.jpg">	<img src="n2_q500_a203.jpg">	203
<img src="n2_q500_q204.jpg">	<img src="n2_q500_a204.jpg">	204
<img src="n2_q500_q205.jpg">	<img src="n2_q500_a205.jpg">	205
<img src="n2_q500_q206.jpg">	<img src="n2_q500_a206.jpg">	206
<img src="n2_q500_q207.jpg">	<img src="n2_q500_a207.jpg">	207
<img src="n2_q500_q208.jpg">	<img src="n2_q500_a208.jpg">	208
<img src="n2_q500_q209.jpg">	<img src="n2_q500_a209.jpg">	209
<img src="n2_q500_q210.jpg">	<img src="n2_q500_a210.jpg">	210
<img src="n2_q500_q211.jpg">	<img src="n2_q500_a211.jpg">	211
<img src="n2_q500_q212.jpg">	<img src="n2_q500_a212.jpg">	212
<img src="n2_q500_q213.jpg">	<img src="n2_q500_a213.jpg">	213
<img src="n2_q500_q214.jpg">	<img src="n2_q500_a214.jpg">	214
<img src="n2_q500_q215.jpg">	<img src="n2_q500_a215.jpg">	215
<img src="n2_q500_q216.jpg">	<img src="n2_q500_a216.jpg">	216
<img src="n2_q500_q217.jpg">	<img src="n2_q500_a217.jpg">	217
<img src="n2_q500_q218.jpg">	<img src="n2_q500_a218.jpg">	218
<img src="n2_q500_q219.jpg">	<img src="n2_q500_a219.jpg">	219
<img src="n2_q500_q220.jpg">	<img src="n2_q500_a220.jpg">	220
<img src="n2_q500_q221.jpg">	<img src="n2_q500_a221.jpg">	221
<img src="n2_q500_q222.jpg">	<img src="n2_q500_a222.jpg">	222
<img src="n2_q500_q223.jpg">	<img src="n2_q500_a223.jpg">	223
<img src="n2_q500_q224.jpg">	<img src="n2_q500_a224.jpg">	224
<img src="n2_q500_q225.jpg">	<img src="n2_q500_a225.jpg">	225
<img src="n2_q500_q226.jpg">	<img src="n2_q500_a226.jpg">	226
<img src="n2_q500_q227.jpg">	<img src="n2_q500_a227.jpg">	227
<img src="n2_q500_q228.jpg">	<img src="n2_q500_a228.jpg">	228
<img src="n2_q500_q229.jpg">	<img src="n2_q500_a229.jpg">	229
<img src="n2_q500_q230.jpg">	<img src="n2_q500_a230.jpg">	230
<img src="n2_q500_q231.jpg">	<img src="n2_q500_a231.jpg">	231
<img src="n2_q500_q232.jpg">	<img src="n2_q500_a232.jpg">	232
<img src="n2_q500_q233.jpg">	<img src="n2_q500_a233.jpg">	233
<img src="n2_q500_q234.jpg">	<img src="n2_q500_a234.jpg">	234
<img src="n2_q500_q235.jpg">	<img src="n2_q500_a235.jpg">	235
<img src="n2_q500_q236.jpg">	<img src="n2_q500_a236.jpg">	236
<img src="n2_q500_q237.jpg">	<img src="n2_q500_a237.jpg">	237
<img src="n2_q500_q238.jpg">	<img src="n2_q500_a238.jpg">	238
<img src="n2_q500_q239.jpg">	<img src="n2_q500_a239.jpg">	239
<img src="n2_q500_q240.jpg">	<img src="n2_q500_a240.jpg">	240
<img src="n2_q500_q241.jpg">	<img src="n2_q500_a241.jpg">	241
<img src="n2_q500_q242.jpg">	<img src="n2_q500_a242.jpg">	242
<img src="n2_q500_q243.jpg">	<img src="n2_q500_a243.jpg">	243
<img src="n2_q500_q244.jpg">	<img src="n2_q500_a244.jpg">	244
<img src="n2_q500_q245.jpg">	<img src="n2_q500_a245.jpg">	245
<img src="n2_q500_q246.jpg">	<img src="n2_q500_a246.jpg">	246
<img src="n2_q500_q247.jpg">	<img src="n2_q500_a247.jpg">	247
<img src="n2_q500_q248.jpg">	<img src="n2_q500_a248.jpg">	248
<img src="n2_q500_q249.jpg">	<img src="n2_q500_a249.jpg">	249
<img src="n2_q500_q250.jpg">	<img src="n2_q500_a250.jpg">	250
<img src="n2_q500_q251.jpg">	<img src="n2_q500_a251.jpg">	251
<img src="n2_q500_q252.jpg">	<img src="n2_q500_a252.jpg">	252
<img src="n2_q500_q253.jpg">	<img src="n2_q500_a253.jpg">	253
<img src="n2_q500_q254.jpg">	<img src="n2_q500_a254.jpg">	254
<img src="n2_q500_q255.jpg">	<img src="n2_q500_a255.jpg">	255
<img src="n2_q500_q256.jpg">	<img src="n2_q500_a256.jpg">	256
<img src="n2_q500_q257.jpg">	<img src="n2_q500_a257.jpg">	257
<img src="n2_q500_q258.jpg">	<img src="n2_q500_a258.jpg">	258
<img src="n2_q500_q259.jpg">	<img src="n2_q500_a259.jpg">	259
<img src="n2_q500_q260.jpg">	<img src="n2_q500_a260.jpg">	260
<img src="n2_q500_q261.jpg">	<img src="n2_q500_a261.jpg">	261
<img src="n2_q500_q262.jpg">	<img src="n2_q500_a262.jpg">	262
<img src="n2_q500_q263.jpg">	<img src="n2_q500_a263.jpg">	263
<img src="n2_q500_q264.jpg">	<img src="n2_q500_a264.jpg">	264
<img src="n2_q500_q265.jpg">	<img src="n2_q500_a265.jpg">	265
<img src="n2_q500_q266.jpg">	<img src="n2_q500_a266.jpg">	266
<img src="n2_q500_q267.jpg">	<img src="n2_q500_a267.jpg">	267
<img src="n2_q500_q268.jpg">	<img src="n2_q500_a268.jpg">	268
<img src="n2_q500_q269.jpg">	<img src="n2_q500_a269.jpg">	269
<img src="n2_q500_q270.jpg">	<img src="n2_q500_a270.jpg">	270
<img src="n2_q500_q271.jpg">	<img src="n2_q500_a271.jpg">	271
<img src="n2_q500_q272.jpg">	<img src="n2_q500_a272.jpg">	272
<img src="n2_q500_q273.jpg">	<img src="n2_q500_a273.jpg">	273
<img src="n2_q500_q274.jpg">	<img src="n2_q500_a274.jpg">	274
<img src="n2_q500_q275.jpg">	<img src="n2_q500_a275.jpg">	275
<img src="n2_q500_q276.jpg">	<img src="n2_q500_a276.jpg">	276
<img src="n2_q500_q277.jpg">	<img src="n2_q500_a277.jpg">	277
<img src="n2_q500_q278.jpg">	<img src="n2_q500_a278.jpg">	278
<img src="n2_q500_q279.jpg">	<img src="n2_q500_a279.jpg">	279
<img src="n2_q500_q280.jpg">	<img src="n2_q500_a280.jpg">	280
<img src="n2_q500_q281.jpg">	<img src="n2_q500_a281.jpg">	281
<img src="n2_q500_q282.jpg">	<img src="n2_q500_a282.jpg">	282
<img src="n2_q500_q283.jpg">	<img src="n2_q500_a283.jpg">	283
<img src="n2_q500_q284.jpg">	<img src="n2_q500_a284.jpg">	284
<img src="n2_q500_q285.jpg">	<img src="n2_q500_a285.jpg">	285
<img src="n2_q500_q286.jpg">	<img src="n2_q500_a286.jpg">	286
<img src="n2_q500_q287.jpg">	<img src="n2_q500_a287.jpg">	287
<img src="n2_q500_q288.jpg">	<img src="n2_q500_a288.jpg">	288
<img src="n2_q500_q289.jpg">	<img src="n2_q500_a289.jpg">	289
<img src="n2_q500_q290.jpg">	<img src="n2_q500_a290.jpg">	290
<img src="n2_q500_q291.jpg">	<img src="n2_q500_a291.jpg">	291
<img src="n2_q500_q292.jpg">	<img src="n2_q500_a292.jpg">	292
<img src="n2_q500_q293.jpg">	<img src="n2_q500_a293.jpg">	293
<img src="n2_q500_q294.jpg">	<img src="n2_q500_a294.jpg">	294
<img src="n2_q500_q295.jpg">	<img src="n2_q500_a295.jpg">	295
<img src="n2_q500_q296.jpg">	<img src="n2_q500_a296.jpg">	296
<img src="n2_q500_q297.jpg">	<img src="n2_q500_a297.jpg">	297
<img src="n2_q500_q298.jpg">	<img src="n2_q500_a298.jpg">	298
<img src="n2_q500_q299.jpg">	<img src="n2_q500_a299.jpg">	299
<img src="n2_q500_q300.jpg">	<img src="n2_q500_a300.jpg">	300
<img src="n2_q500_q301.jpg">	<img src="n2_q500_a301.jpg">	301
<img src="n2_q500_q302.jpg">	<img src="n2_q500_a302.jpg">	302
<img src="n2_q500_q303.jpg">	<img src="n2_q500_a303.jpg">	303
<img src="n2_q500_q304.jpg">	<img src="n2_q500_a304.jpg">	304
<img src="n2_q500_q305.jpg">	<img src="n2_q500_a305.jpg">	305
<img src="n2_q500_q306.jpg">	<img src="n2_q500_a306.jpg">	306
<img src="n2_q500_q307.jpg">	<img src="n2_q500_a307.jpg">	307
<img src="n2_q500_q308.jpg">	<img src="n2_q500_a308.jpg">	308
<img src="n2_q500_q309.jpg">	<img src="n2_q500_a309.jpg">	309
<img src="n2_q500_q310.jpg">	<img src="n2_q500_a310.jpg">	310
<img src="n2_q500_q311.jpg">	<img src="n2_q500_a311.jpg">	311
<img src="n2_q500_q312.jpg">	<img src="n2_q500_a312.jpg">	312
<img src="n2_q500_q313.jpg">	<img src="n2_q500_a313.jpg">	313
<img src="n2_q500_q314.jpg">	<img src="n2_q500_a314.jpg">	314
<img src="n2_q500_q315.jpg">	<img src="n2_q500_a315.jpg">	315
<img src="n2_q500_q316.jpg">	<img src="n2_q500_a316.jpg">	316
<img src="n2_q500_q317.jpg">	<img src="n2_q500_a317.jpg">	317
<img src="n2_q500_q318.jpg">	<img src="n2_q500_a318.jpg">	318
<img src="n2_q500_q319.jpg">	<img src="n2_q500_a319.jpg">	319
<img src="n2_q500_q320.jpg">	<img src="n2_q500_a320.jpg">	320
<img src="n2_q500_q321.jpg">	<img src="n2_q500_a321.jpg">	321
<img src="n2_q500_q322.jpg">	<img src="n2_q500_a322.jpg">	322
<img src="n2_q500_q323.jpg">	<img src="n2_q500_a323.jpg">	323
<img src="n2_q500_q324.jpg">	<img src="n2_q500_a324.jpg">	324
<img src="n2_q500_q325.jpg">	<img src="n2_q500_a325.jpg">	325
<img src="n2_q500_q326.jpg">	<img src="n2_q500_a326.jpg">	326
<img src="n2_q500_q327.jpg">	<img src="n2_q500_a327.jpg">	327
<img src="n2_q500_q328.jpg">	<img src="n2_q500_a328.jpg">	328
<img src="n2_q500_q329.jpg">	<img src="n2_q500_a329.jpg">	329
<img src="n2_q500_q330.jpg">	<img src="n2_q500_a330.jpg">	330
<img src="n2_q500_q331.jpg">	<img src="n2_q500_a331.jpg">	331
<img src="n2_q500_q332.jpg">	<img src="n2_q500_a332.jpg">	332
<img src="n2_q500_q333.jpg">	<img src="n2_q500_a333.jpg">	333
<img src="n2_q500_q334.jpg">	<img src="n2_q500_a334.jpg">	334
<img src="n2_q500_q335.jpg">	<img src="n2_q500_a335.jpg">	335
<img src="n2_q500_q336.jpg">	<img src="n2_q500_a336.jpg">	336
<img src="n2_q500_q337.jpg">	<img src="n2_q500_a337.jpg">	337
<img src="n2_q500_q338.jpg">	<img src="n2_q500_a338.jpg">	338
<img src="n2_q500_q339.jpg">	<img src="n2_q500_a339.jpg">	339
<img src="n2_q500_q340.jpg">	<img src="n2_q500_a340.jpg">	340
<img src="n2_q500_q341.jpg">	<img src="n2_q500_a341.jpg">	341
<img src="n2_q500_q342.jpg">	<img src="n2_q500_a342.jpg">	342
<img src="n2_q500_q343.jpg">	<img src="n2_q500_a343.jpg">	343
<img src="n2_q500_q344.jpg">	<img src="n2_q500_a344.jpg">	344
<img src="n2_q500_q345.jpg">	<img src="n2_q500_a345.jpg">	345
<img src="n2_q500_q346.jpg">	<img src="n2_q500_a346.jpg">	346
<img src="n2_q500_q347.jpg">	<img src="n2_q500_a347.jpg">	347
<img src="n2_q500_q348.jpg">	<img src="n2_q500_a348.jpg">	348
<img src="n2_q500_q349.jpg">	<img src="n2_q500_a349.jpg">	349
<img src="n2_q500_q350.jpg">	<img src="n2_q500_a350.jpg">	350
<img src="n2_q500_q351.jpg">	<img src="n2_q500_a351.jpg">	351
<img src="n2_q500_q352.jpg">	<img src="n2_q500_a352.jpg">	352
<img src="n2_q500_q353.jpg">	<img src="n2_q500_a353.jpg">	353
<img src="n2_q500_q354.jpg">	<img src="n2_q500_a354.jpg">	354
<img src="n2_q500_q355.jpg">	<img src="n2_q500_a355.jpg">	355
<img src="n2_q500_q356.jpg">	<img src="n2_q500_a356.jpg">	356
<img src="n2_q500_q357.jpg">	<img src="n2_q500_a357.jpg">	357
